SequentialNumber,RelatedMeasure,Timeline,MilestoneTarget
M1C1-11,Investment 1.6.6 Digitization of the Finance Police,Q1 2023,Target
M1C1-125,Investment 1.2 Cloud enablement for local PA,Q1 2023,Milestone
M1C1-72,Reform 1.11 Reduction of late payments by public administrations and health authorities,Q1 2023,Milestone
M1C1-73,Reform 1.10 Reform of the public procurement legislative framework,Q1 2023,Milestone
M1C1-15,Investment 1.6.6 Digitization of the Finance Police,Q1 2024,Target
M1C1-23,Investment 1.4.6 Mobility as a Service for Italy,Q1 2025,Milestone
M1C1-117,Reform 1.15 Reform of public accounting rules,Q1 2026,Target
M1C1-119,Reform 1.14 Reform of the subnational fiscal framework,Q1 2026,Milestone
M1C1-120,Reform 1.14 Reform of the subnational fiscal framework,Q1 2026,Milestone
M1C1-146,"Investment 1.4.4 Adoption scale up of the National Digital Identity platforms (SPID, CIE) and the national registry (ANPR)",Q1 2026,Target
M1C1-52,Reform 1.9 Reform of the public administration,Q2 2021,Milestone
M1C1-53,Investment 1.9 Provide technical assistance and strengthen capacity building for the implementation of the Italian recovery and resilience plan,Q2 2021,Milestone
M1C1-69,Reform 1.10 Reform of the public procurement legislative framework,Q2 2021,Milestone
M1C1-103,Reform 1.12 Reform of the tax administration,Q2 2022,Milestone
M1C1-104,Reform 1.13 Reform of the spending review framework,Q2 2022,Milestone
M1C1-33,Investment 1.8 Recruitment procedures for administrative courts,Q2 2022,Target
M1C1-56,Reform 1.9 Reform of the public administration,Q2 2022,Milestone
M1C1-70,Reform 1.10 Reform of the public procurement legislative framework,Q2 2022,Milestone
M1C1-109,Reform 1.12 Reform of the tax administration,Q2 2023,Target
M1C1-37,"Reforms 1.4, 1.5and 1.6 Reform of civil and criminal justice",Q2 2023,Milestone
M1C1-58,Reform 1.9 Reform of the public administration,Q2 2023,Milestone
M1C1-74,Reform 1.10 Reform of the public procurement legislative framework,Q2 2023,Milestone
M1C1-108,Reform 1.15 Reform of public accounting rules,Q2 2024,Milestone
M1C1-111,Reform 1.13 Reform of the spending review framework,Q2 2024,Milestone
M1C1-112,Reform 1.12 Reform of the tax administration,Q2 2024,Target
M1C1-16,Investment 1.6.5 Digitization of the Council of State,Q2 2024,Target
M1C1-39,Investment 1.8 Recruitment procedures for civil and criminal courts,Q2 2024,Target
M1C1-40,Investment 1.8 Recruitment procedures for administrative courts,Q2 2024,Target
M1C1-41,Investment 1.8 Recruitment procedures for administrative courts,Q2 2024,Target
M1C1-42,Investment 1.8 Recruitment procedures for administrative courts,Q2 2024,Target
M1C1-115,Reform 1.13 Reform of the spending review framework,Q2 2025,Milestone
M1C1-144,Investment 1.4.2 Citizen inclusion – Accessibility improvement of digital public services,Q2 2025,Target
M1C1-24,Investment 1.7.1 Digital Civic Service,Q2 2025,Target
M1C1-25,Investment 1.6.6 Digitization of the Finance Police,Q2 2025,Milestone
M1C1-61,Reform 1.9 Reform of the public administration,Q2 2025,Milestone
M1C1-62,Reform 1.9 Reform of the public administration,Q2 2025,Milestone
M1C1-118,Reform 1.15 Reform of public accounting rules,Q2 2026,Milestone
M1C1-120,Reform 1.12 Reform of the tax administration,Q2 2026,Target
M1C1-121,Reform 1.12 Reform of the tax administration,Q2 2026,Target
M1C1-122,Reform 1.13 Reform of the spending review framework,Q2 2026,Milestone
M1C1-147,Investment 1.2 Cloud enablement for local PA,Q2 2026,Target
M1C1-148,Investment 1.4.1 Citizen Experience / Improvement of the quality and the usability of digital public services,Q2 2026,Target
M1C1-149,Investment 1.4.3 Adoption scale up of PagoPA platform services and the “IO” app ; 1.4.5 Digitization of public notices,Q2 2026,Target
M1C1-150,Investment 1.4.3 Adoption scale up of PagoPA platform services and the “IO” app ; 1.4.5 Digitization of public notices,Q2 2026,Target
M1C1-151,Investment 1.4.3 Adoption scale up of PagoPA platform services and the “IO” app ; 1.4.5 Digitization of public notices,Q2 2026,Target
M1C1-152,Investment 1.6.1 Digitization of the Ministry of the Interior,Q2 2026,Target
M1C1-153,Investment 1.6.2 Digitization of the Ministry of Justice,Q2 2026,Target
M1C1-154,Investment 1.6.2 Digitization of the Ministry of Justice,Q2 2026,Target
M1C1-155,Investment 1.6.3 Digitization of National Social Security Institute (INPS) and National Institute for Insurance against Accidents at work (INAIL),Q2 2026,Target
M1C1-26,Investment 1.1 Digital Infrastructure,Q2 2026,Target
M1C1-27,Investment 1.3.1 National Digital Data Platform,Q2 2026,Target
M1C1-28,Investment 1.7.2 Network of digital facilitation services,Q2 2026,Target
M1C1-45,Reform 1.4 and 1.5 Reform of civil and criminal justice,Q2 2026,Target
M1C1-46,Reform 1.4 and 1.5 Reform of civil and criminal justice,Q2 2026,Target
M1C1-47,Reform 1.4 Reform of civil justice,Q2 2026,Target
M1C1-48,Reform 1.4 Reform of civil justice,Q2 2026,Target
M1C1-49,Investment 1.8 Recruitment procedures for administrative courts,Q2 2026,Target
M1C1-50,Investment 1.8 Recruitment procedures for administrative courts,Q2 2026,Target
M1C1-51,Reform 1.9 Reform of the public administration,Q2 2026,Milestone
M1C1-63,Reform 1.9 Reform of the public administration,Q2 2026,Milestone
M1C1-64,Investment 1.9 Reform of the public administration,Q2 2026,Target
M1C1-65,Investment 1.9 Reform of the public administration,Q2 2026,Target
M1C1-66,Investment 1.9 Reform of the public administration,Q2 2026,Target
M1C1-67,Investment 1.9 Reform of the public administration,Q2 2026,Target
M1C1-139,Investment 1.2 Cloud enablement for local PA,Q3 2024,Target
M1C1-17,Investment 1.1 Digital Infrastructure,Q3 2024,Target
M1C1-1,Reform 1.1 ICT Procurement,Q4 2021,Milestone
M1C1-100,Reform 1.13 Reform of the spending review framework,Q4 2021,Milestone
M1C1-101,Reform 1.12 Reform of the tax administration,Q4 2021,Milestone
M1C1-2,Reform 1.3 Cloud First and Interoperability,Q4 2021,Milestone
M1C1-29,Reform 1.4 Reform of the civil justice,Q4 2021,Milestone
M1C1-30,Reform 1.5 Reform of criminal justice,Q4 2021,Milestone
M1C1-31,Reform 1.6 Reform of insolvency framework,Q4 2021,Milestone
M1C1-32,"Investment 1.8 Recruitment procedures for civil, criminal and administrative courts",Q4 2021,Milestone
M1C1-54,Investment 1.9 Provide technical assistance and strengthen capacity building for the implementation of the Italian recovery and resilience plan,Q4 2021,Target
M1C1-55,Reform 1.9 Reform of the public administration,Q4 2021,Milestone
M1C1-68,Reform 1.9 Reform of the public administration,Q4 2021,Milestone
M1C1-71,Reform 1.10 Reform of the public procurement legislative framework,Q4 2021,Milestone
M1C1-10,Reform 1.2 Transformation support,Q4 2022,Milestone
M1C1-102,Reform 1.13 Reform of the spending review framework,Q4 2022,Milestone
M1C1-105,Reform 1.12 Reform of the tax administration,Q4 2022,Target
M1C1-106,Reform 1.12 Reform of the tax administration,Q4 2022,Target
M1C1-107,Reform 1.12 Reform of the tax administration,Q4 2022,Target
M1C1-123,Investment 1.6.3 Digitization of National Social Security Institute (INPS) and National Institute for Insurance against Accidents at work (INAIL),Q4 2022,Target
M1C1-124,Investment 1.6.3 Digitization of National Social Security Institute (INPS) and National Institute for Insurance against Accidents at work (INAIL),Q4 2022,Target
M1C1-3,Investment 1.1 Digital Infrastructure,Q4 2022,Milestone
M1C1-34,Investment 1.8 Recruitment procedures for the office of trial for civil and criminal courts,Q4 2022,Target
M1C1-35,Reform 1.7 Reform of tax courts,Q4 2022,Milestone
M1C1-36,"Reforms 1.4, 1.5and 1.6 Reform of civil and criminal justice and insolvency reform",Q4 2022,Milestone
M1C1-4,Investment 1.3.1 National Digital Data Platform,Q4 2022,Milestone
M1C1-5,Investment 1.5 Cybersecurity,Q4 2022,Milestone
M1C1-57,Reform 1.9 Reform of the public administration,Q4 2022,Milestone
M1C1-6,Investment 1.5 Cybersecurity,Q4 2022,Milestone
M1C1-7,Investment 1.5 Cybersecurity,Q4 2022,Milestone
M1C1-8,Investment 1.5 Cybersecurity,Q4 2022,Milestone
M1C1-9,Investment 1.5 Cybersecurity,Q4 2022,Target
M1C1-110,Reform 1.13 Reform of the spending review framework,Q4 2023,Milestone
M1C1-12,Investment 1.3.2 Single Digital Gateway,Q4 2023,Target
M1C1-126,Investment 1.4.3 Adoption scale up of PagoPA platform services and the “IO” app ; 1.4.5 Digitization of public notices,Q4 2023,Target
M1C1-127,Investment 1.4.3 Adoption scale up of PagoPA platform services and the “IO” app ; 1.4.5 Digitization of public notices,Q4 2023,Target
M1C1-128,Investment 1.4.3 Adoption scale up of PagoPA platform services and the “IO” app ; 1.4.5 Digitization of public notices,Q4 2023,Target
M1C1-129,Investment 1.6.1 Digitization of the Ministry of the Interior,Q4 2023,Target
M1C1-13,Investment 1.4.6 Mobility as a Service for Italy,Q4 2023,Milestone
M1C1-130,Investment 1.6.2 Digitization of the Ministry of Justice,Q4 2023,Target
M1C1-131,Investment 1.6.2 Digitization of the Ministry of Justice,Q4 2023,Milestone
M1C1-132,Investment 1.6.3 Digitization of National Social Security Institute (INPS) and National Institute for Insurance against Accidents at work (INAIL),Q4 2023,Target
M1C1-133,Investment 1.6.3 Digitization of National Social Security Institute (INPS) and National Institute for Insurance against Accidents at work (INAIL),Q4 2023,Target
M1C1-134,Investment 1.6.3 Digitization of National Social Security Institute (INPS) and National Institute for Insurance against Accidents at work (INAIL),Q4 2023,Target
M1C1-135,Investment 1.6.4 Digitization of the Ministry of Defence,Q4 2023,Target
M1C1-136,Investment 1.6.4 Digitization of the Ministry of Defence,Q4 2023,Target
M1C1-137,Investment 1.6.4 Digitization of the Ministry of Defence,Q4 2023,Milestone
M1C1-138,Investment 1.6.4 Digitization of the Ministry of Defence,Q4 2023,Target
M1C1-14,Investment 1.6.5 Digitization of the Council of State,Q4 2023,Target
M1C1-38,Reform 1.8 Digitalisation of Justice,Q4 2023,Milestone
M1C1-59,Reform 1.9 Reform of the public administration,Q4 2023,Milestone
M1C1-75,Reform 1.10 Reform of the public procurement legislative framework,Q4 2023,Target
M1C1-76,Reform 1.11 Reduction of late payments by public administrations and health authorities,Q4 2023,Target
M1C1-77,Reform 1.11 Reduction of late payments by public administrations and health authorities,Q4 2023,Target
M1C1-78,Reform 1.11 Reduction of late payments by public administrations and health authorities,Q4 2023,Target
M1C1-79,Reform 1.11 Reduction of late payments by public administrations and health authorities,Q4 2023,Target
M1C1-80,Reform 1.11 Reduction of late payments by public administrations and health authorities,Q4 2023,Target
M1C1-81,Reform 1.11 Reduction of late payments by public administrations and health authorities,Q4 2023,Target
M1C1-82,Reform 1.11 Reduction of late payments by public administrations and health authorities,Q4 2023,Target
M1C1-83,Reform 1.10 Reform of the public procurement legislative framework,Q4 2023,Target
M1C1-84,Reform 1.10 Reform of the public procurement legislative framework,Q4 2023,Target
M1C1-85,Reform 1.10 Reform of the public procurement legislative framework,Q4 2023,Target
M1C1-86,Reform 1.10 Reform of the public procurement legislative framework,Q4 2023,Target
M1C1-87,Reform 1.10 Reform of the public procurement legislative framework,Q4 2023,Target
M1C1-113,Reform 1.12 Reform of the tax administration,Q4 2024,Target
M1C1-114,Reform 1.12 Reform of the tax administration,Q4 2024,Target
M1C1-140,Investment 1.4.1 Citizen Experience / Improvement of the quality and the usability of digital public services,Q4 2024,Target
M1C1-141,Investment 1.6.4 Digitization of the Ministry of Defence,Q4 2024,Target
M1C1-142,Investment 1.6.4 Digitization of the Ministry of Defence,Q4 2024,Target
M1C1-143,Investment 1.6.4 Digitization of the Ministry of Defence,Q4 2024,Target
M1C1-18,Investment 1.3.1 National Digital Data Platform,Q4 2024,Target
M1C1-19,Investment 1.5 Cybersecurity,Q4 2024,Target
M1C1-20,Investment 1.5 Cybersecurity,Q4 2024,Milestone
M1C1-21,Investment 1.5 Cybersecurity,Q4 2024,Milestone
M1C1-22,Investment 1.5 Cybersecurity,Q4 2024,Milestone
M1C1-43,Reform 1.4 Reform of civil justice,Q4 2024,Target
M1C1-44,Reform 1.4 Reform of civil justice,Q4 2024,Target
M1C1-60,Reform 1.9 Reform of the public administration,Q4 2024,Milestone
M1C1-88,Reform 1.11 Reduction of late payments by public administrations and health authorities,Q4 2024,Target
M1C1-89,Reform 1.11 Reduction of late payments by public administrations and health authorities,Q4 2024,Target
M1C1-90,Reform 1.11 Reduction of late payments by public administrations and health authorities,Q4 2024,Target
M1C1-91,Reform 1.11 Reduction of late payments by public administrations and health authorities,Q4 2024,Target
M1C1-92,Reform 1.11 Reduction of late payments by public administrations and health authorities,Q4 2024,Target
M1C1-93,Reform 1.11 Reduction of late payments by public administrations and health authorities,Q4 2024,Target
M1C1-94,Reform 1.11 Reduction of late payments by public administrations and health authorities,Q4 2024,Target
M1C1-95,Reform 1.11 Reduction of late payments by public administrations and health authorities,Q4 2024,Target
M1C1-96,Reform 1.10 Reform of the public procurement legislative framework,Q4 2024,Target
M1C1-97,Reform 1.10 Reform of the public procurement legislative framework,Q4 2024,Target
M1C1-98,Reform 1.10 Reform of the public procurement legislative framework,Q4 2024,Target
M1C1-99,Reform 1.10 Reform of the public procurement legislative framework,Q4 2024,Target
M1C1-116,Reform 1.12 Reform of the tax administration,Q4 2025,Target
M1C1-145,"Investment 1.4.4 Adoption scale up of the National Digital Identity platforms (SPID, CIE) and the national registry (ANPR)",Q4 2025,Target
M1C2-1,Investment 1 Transition 4.0,Q4 2021,Milestone
M1C2-2,Investment 1 Transition 4.0,Q2 2024,Target
M1C2-3,Investment 1 Transition 4.0,Q2 2025,Target
M1C2-4,Reform 1 Reform of the Industrial Property System,Q3 2023,Milestone
M1C2-5,Investment 6 Investment in the Industrial Property System,Q4 2025,Target
M1C2-6,Reform 2 Annual Competition Laws,Q4 2022,Milestone
M1C2-7,Reform 2 Annual Competition Laws,Q4 2022,Milestone
M1C2-8,Reform 2 Annual Competition Laws,Q4 2022,Milestone
M1C2-9,Reform 2 Annual Competition Laws,Q4 2023,Milestone
M1C2-10,Reform 2 Annual Competition Laws,Q4 2023,Milestone
M1C2-11,Reform 2 Annual Competition Laws,Q4 2024,Milestone
M1C2-12,Reform 2 Annual Competition Laws,Q4 2024,Milestone
M1C2-13,Reform 2 Annual Competition Laws,Q4 2025,Milestone
M1C2-14,Reform 2 Annual Competition Laws,Q4 2025,Target
M1C2-15,Investment 2 Innovation and technology of microelectronics,Q2 2026,Target
M1C2-16,Investment 3 Fast internet connections (Ultra-Broadband and 5G),Q2 2022,Milestone
M1C2-17,Investment 3 Fast internet connections (Ultra-Broadband and 5G),Q2 2026,Target
M1C2-18,Investment 3 Fast internet connections (Ultra-Broadband and 5G),Q2 2026,Target
M1C2-19,Investment 3 Fast internet connections (Ultra-Broadband and 5G),Q4 2023,Target
M1C2-20,Investment 3 Fast internet connections (Ultra-Broadband and 5G),Q2 2026,Target
M1C2-21,Investment 3 Fast internet connections (Ultra-Broadband and 5G),Q2 2026,Target
M1C2-22,Investment 4 Satellite Technology and Space economy,Q1 2023,Milestone
M1C2-23,Investment 4 Satellite Technology and Space economy,Q2 2026,Target
M1C2-24,Investment 4 Satellite Technology and Space economy,Q2 2026,Target
M1C2-25,Investment 4 Satellite Technology and Space economy,Q2 2026,Target
M1C2-26,Investment 5.1 Refinancing and remodelling of Fund 394/81 managed by SIMEST,Q3 2021,Milestone
M1C2-27,Investment 5.1 Refinancing and remodelling of Fund 394/81 managed by SIMEST,Q4 2021,Target
M1C2-28,Investment 5.2 Competitiveness and resilience of supply chains,Q1 2022,Milestone
M1C2-29,Investment 5.2 Competitiveness and resilience of supply chains,Q4 2023,Target
M1C3-1,Investment 1.1 Digital Strategy and Platforms for Cultural Heritage,Q4 2025,Target
M1C3-2,Investment 1.1 Digital Strategy and Platforms for Cultural Heritage,Q4 2025,Target
M1C3-3,"Investment 1.2 Removal of physical and cognitive barriers in museums, libraries and archives to enable wider access to and participation in culture",Q2 2026,Target
M1C3-4,"Investment 1.3 Improve energy efficiency in cinema, theatres and museums",Q3 2023,Target
M1C3-5,"Investment 1.3 Improve energy efficiency in cinema, theatres and museums",Q4 2025,Target
M1C3-6,Reform 3.1 Minimum Environmental Criteria for Cultural events,Q4 2022,Milestone
M1C3-7,Investment 3.3. Capacity building for culture operators to manage the digital and green transition,Q4 2023,Milestone
M1C3-8,Investment 4.1 Digital Tourism Hub,Q4 2021,Milestone
M1C3-9,Investment 4.1 Digital Tourism Hub,Q2 2024,Target
M1C3-10,Reform 4.1 Regulation ordering of the professions of tourist guides,Q4 2023,Milestone
M1C3-11,"Investment 1.3 Improve energy efficiency in cinema, theatres and museums",Q2 2022,Milestone
M1C3-12,Investment 2.1 Attractiveness of Small Historic Towns,Q2 2022,Milestone
M1C3-13,Investment 2.2 Protection and enhancement of rural architecture and landscape,Q2 2022,Milestone
M1C3-14,"Investment 2.3 Programmes to enhance the identity of places, parks and historic gardens",Q2 2022,Milestone
M1C3-15,"Investment 2.4 Seismic safety of place or places of worship, restoration of FEC (Fondo Edifici di Culto) heritage and shelters for art works (Recovery Art)",Q2 2022,Milestone
M1C3-16,Investment 2.1 Attractiveness of Small Historic Towns,Q2 2025,Target
M1C3-17,Investment 2.2 Protection and enhancement of rural architecture and landscape,Q4 2025,Target
M1C3-18,"Investment 2.3 Programmes to enhance the identity of places, parks and historic gardens",Q4 2024,Target
M1C3-19,"Investment 2.4 Seismic safety of place or places of worship, restoration of FEC (Fondo Edifici di Culto) heritage and shelters for art works (Recovery Art)",Q4 2025,Target
M1C3-20,Investment 3.2 Development of the film industry (Cinecittà project),Q2 2023,Milestone
M1C3-21,Investment 3.2 Development of the film industry (Cinecittà project),Q2 2026,Target
M1C3-22,Investment 4.2 Funds for the competitiveness of tourism enterprises,Q4 2021,Milestone
M1C3-23,Investment 4.2 Funds for the competitiveness of tourism enterprises,Q4 2021,Milestone
M1C3-24,Investment 4.2 Funds for the competitiveness of tourism enterprises,Q4 2021,Milestone
M1C3-25,Investment 4.2 Funds for the competitiveness of tourism enterprises,Q4 2021,Milestone
M1C3-26,Investment 4.2 Funds for the competitiveness of tourism enterprises,Q4 2021,Milestone
M1C3-27,Investment 4.3 Caput Mundi – Next Generation EU for touristic great events,Q4 2024,Target
M1C3-28,Investment 4.2 Funds for the competitiveness of tourism enterprises,Q4 2025,Target
M1C3-29,Investment 4.2 Funds for the competitiveness of tourism enterprises,Q4 2025,Target
M1C3-30,Investment 4.2 Funds for the competitiveness of tourism enterprises,Q4 2022,Target
M1C3-31,Investment 4.2 Funds for the competitiveness of tourism enterprises,Q4 2022,Target
M1C3-32,Investment 4.2 Funds for the competitiveness of tourism enterprises,Q4 2025,Target
M1C3-33,Investment 4.2 Funds for the competitiveness of tourism enterprises,Q4 2025,Target
M1C3-34,Investment 4.2 Funds for the competitiveness of tourism enterprises,Q4 2025,Target
M1C3-35,Investment 4.3 Caput Mundi – Next Generation EU for touristic great events,Q2 2022,Milestone
M1C3-36,Investment 4.3 Caput Mundi – Next Generation EU for touristic great events,Q2 2026,Target
M2C1-1,Reform 1.1 National Strategy for Circular Economy,Q2 2022,Milestone
M2C1-2,Reform 1.3 Technical support for Local Authorities,Q2 2022,Milestone
M2C1-3,"Investment 2.1 Logistics plan for the agrifood, fishing and aquaculture, forestry, floriculture and plant nursery sectors",Q4 2022,Milestone
M2C1-4,Investment 2.2 Agri-solar Park,Q4 2022,Target
M2C1-5,Investment 2.2 Agri-solar Park,Q4 2023,Target
M2C1-6,Investment 2.2 Agri-solar Park,Q4 2024,Target
M2C1-7,Investment 2.3 Innovation and mechanization in the agricultural and food sectors,Q4 2024,Target
M2C1-8,Investment 2.3 Innovation and mechanization in the agricultural and food sectors,Q2 2026,Target
M2C1-9,Investment 2.2 Agri-solar Park,Q2 2026,Target
M2C1-10,Investment 4.3 Caput Mundi – Next Generation EU for touristic great events,Q2 2026,Target
M2C1-11,Investment 3.3 Culture and awareness on environmental topics and challenges,Q2 2022,Milestone
M2C1-12,Investment 3.3 Culture and awareness on environmental topics and challenges,Q2 2026,Target
M2C1-13,Reform 1.2 National Program for Waste Management,Q2 2022,Milestone
M2C1-14,Investment 1.1 Implementation of new waste management plants and modernization of existing plants; Investment 1.2 Circular economy “flagship” projects,Q3 2021,Milestone
M2C1-15,Reform 1.2 National Program for Waste Management; Investment 1.1 Implementation of new waste management plants and modernization of existing plants,Q4 2023,Target
M2C1-15bis,Reform 1.2 National Program for Waste Management; Investment 1.1 Implementation of new waste management plants and modernization of existing plants,Q4 2023,Target
M2C1-15ter,Reform 1.2 National Program for Waste Management; Investment 1.1 Implementation of new waste management plants and modernization of existing plants,Q4 2023,Target
M2C1-15quater,Investment 1.1 Implementation of new waste management plants and modernization of existing plants,Q4 2023,Milestone
M2C1-16,Investment 1.1 Implementation of new waste management plants and modernization of existing plants,Q4 2024,Target
M2C1-16bis,Investment 1.1 Implementation of new waste management plants and modernization of existing plants,Q4 2024,Target
M2C1-16ter,Reform 1.2 National Program for Waste Management; Investment 1.1 Implementation of new waste management plants and modernization of existing plants,Q4 2024,Target
M2C1-17,Investment 1.2 Circular economy “flagship” projects,Q4 2025,Target
M2C1-17bis,Investment 1.2 Circular economy “flagship” projects,Q4 2025,Target
M2C1-17ter,Investment 1.2 Circular economy “flagship” projects,Q4 2025,Target
M2C1-17quater,Investment 1.2 Circular economy “flagship” projects,Q4 2025,Target
M2C1-17quinquies,Investment 1.2 Circular economy “flagship” projects,Q4 2025,Target
M2C1-17sexies,Investment 1.2 Circular economy “flagship” projects,Q4 2025,Target
M2C1-17septies,Investment 1.2 Circular economy “flagship” projects,Q4 2025,Target
M2C1-17octies,Investment 1.2 Circular economy “flagship” projects,Q4 2025,Target
M2C1-17nonies,Investment 1.2 Circular economy “flagship” projects,Q4 2025,Milestone
M2C1-17decies,Investment 1.2 Circular economy “flagship” projects,Q4 2025,Milestone
M2C1-18,Investment 3.1 Green islands,Q3 2022,Milestone
M2C1-19,Investment 3.1 Green islands,Q2 2026,Target
M2C1-20,Investment 3.2 Green Communities,Q3 2022,Milestone
M2C1-21,Investment 3.2 Green Communities,Q2 2026,Target
M2C2-1,Investment 1.3 Promotion of innovative systems (including off-shore),Q3 2023,Milestone
M2C2-2,Investment 1.3 Promotion of innovative systems (including off-shore),Q2 2026,Target
M2C2-3,"Investment 1.4 Development of biomethane, according to criteria for promoting the circular economy",Q2 2026,Target
M2C2-4,"Investment 1.4 Development of biomethane, according to criteria for promoting the circular economy",Q4 2023,Target
M2C2-5,"Investment 1.4 Development of biomethane, according to criteria for promoting the circular economy",Q2 2026,Target
M2C2-6,Reform 1 Simplification of authorization procedures for renewable onshore and offshore plants and new legal framework to sustain the production from renewable sources and time and eligibility extension of the current support schemes,Q1 2024,Milestone
M2C2-7,Reform 2 New legislationto promote renewable gas production and consumption,Q4 2021,Milestone
M2C2-8,Investment 2.1 Strengthening smart grids,Q4 2022,Milestone
M2C2-9,Investment 2.1 Strengthening smart grids,Q4 2024,Target
M2C2-10,Investment 2.1 Strengthening smart grids,Q2 2026,Target
M2C2-11,Investment 2.1 Strengthening smart grids,Q2 2026,Target
M2C2-12,Investment 2.2 Intervention to increase the resilience of power grid,Q4 2022,Milestone
M2C2-13,Investment 2.2 Intervention to increase the resilience of power grid,Q2 2026,Target
M2C2-14,Investment 3.3 Hydrogen testing for road transport,Q1 2023,Milestone
M2C2-15,Investment 3.3 Hydrogen testing for road transport,Q2 2026,Target
M2C2-16,Investment 3.4 Hydrogen testing for railway mobility,Q1 2023,Milestone
M2C2-17,Investment 3.4 Hydrogen testing for railway mobility,Q2 2026,Target
M2C2-18,Investment 3.5 Hydrogen Research and Development,Q2 2022,Milestone
M2C2-19,Investment 3.5 Hydrogen Research and Development,Q2 2026,Target
M2C2-20,Reform 3 Administrative simplification and reduction of regulatory barriers to hydrogen deployment,Q1 2023,Milestone
M2C2-21,Reform 4 Measures to promote hydrogen competitiveness,Q2 2022,Milestone
M2C2-22,Investment 4.1 Investment in soft mobility (National Plan of Cycle Path),Q4 2023,Target
M2C2-23,Investment 4.1 Investment in soft mobility (National Plan of Cycle Path),Q2 2026,Target
M2C2-24,"Investment 4.1 Investment in soft mobility (National Plan of Cycle Path) – Investment 4.2 Development of Rapid Mass Transport systems (metro, streetcar, BRT)",Q4 2023,Milestone
M2C2-25,"Investment 4.2 Development of Rapid Mass Transport systems (metro, streetcar, BRT)",Q3 2024,Target
M2C2-26,"Investment 4.2 Development of Rapid Mass Transport systems (metro, streetcar, BRT)",Q2 2026,Target
M2C2-27,Investment 4.3 Installation of charging infrastructures,Q2 2023,Milestone
M2C2-28,Investment 4.3 Installation of charging infrastructures,Q4 2024,Milestone
M2C2-29,Investment 4.3 Installation of charging infrastructures,Q2 2024,Target
M2C2-29bis,Investment 4.3 Installation of charging infrastructures,Q2 2024,Target
M2C2-30,Investment 4.3 Installation of charging infrastructures,Q4 2025,Target
M2C2-30bis,Investment 4.3 Installation of charging infrastructures,Q4 2025,Target
M2C2-31,Investment 4.4.3 Renewal fleet for the National fire brigade command,Q2 2024,Milestone
M2C2-32,Investment 4.4.1 Renewal of the regional public transport bus fleet with clean fuels vehicles,Q4 2023,Milestone
M2C2-33,Investment 4.4.2 Renewal of the regional public transport railway fleet with clean fuels trains and universal service,Q2 2023,Milestone
M2C2-34,Investment 4.4.1 Renewal of the regional public transport bus fleet with clean fuels vehicles,Q4 2024,Target
M2C2-34bis,Investment 4.4.2 Renewal of the regional public transport railway fleet with clean fuels trains and universal service,Q4 2024,Target
M2C2-35,Investment 4.4.1 Renewal of the regional public transport bus fleet with clean fuels vehicles,Q2 2026,Target
M2C2-35bis,Investment 4.4.2 Renewal of the regional public transport railway fleet with clean fuels trains and universal service,Q2 2026,Target
M2C2-36,Investment 4.4.3 Renewal fleet for the National fire brigade command,Q2 2026,Target
M2C2-37,Reform 5 Smarter procedures for project evaluation in the local public transport systems sector with fixed installations and in the rapid mass transport sector,Q4 2021,Milestone
M2C2-38,Investment 5.1 Renewables and batteries,Q2 2022,Milestone
M2C2-39,Investment 5.1.1 Photovoltaic technology,Q4 2025,Target
M2C2-40,Investment 5.1.3 Battery industry,Q4 2024,Target
M2C2-41,Investment 5.3 Electric buses,Q4 2021,Milestone
M2C2-42,Investment 5.4 Support to start-ups and venture capital active in the ecological transition,Q2 2022,Milestone
M2C2-43,Investment 5.4 Support to start-ups and venture capital active in the ecological transition,Q2 2026,Target
M2C2-44,Investment 1.1 Development of agri-voltaic systems,Q4 2024,Milestone
M2C2-45,Investment 1.1 Development of agri-voltaic systems,Q2 2026,Target
M2C2-46,Investment 1.2 Promotion of renewable energy sources for energy communities and jointly acting renewables self-consumers,Q4 2025,Milestone
M2C2-47,Investment 1.2 Promotion of RES for energy communities and jointly acting renewables self-consumers,Q2 2026,Target
M2C2-48,Investment 3.1 Production of Hydrogen in brownfield sites (Hydrogen Valleys),Q1 2023,Milestone
M2C2-49,Investment 3.1 Production of Hydrogen in brownfield sites (Hydrogen Valleys),Q2 2026,Target
M2C2-50,Investment 3.2 Hydrogen Use in hard-to-abate industry,Q1 2023,Milestone
M2C2-51,Investment 3.2 Hydrogen Use in hard-to-abate industry,Q2 2026,Target
M2C2-52,Investment 5.2 Hydrogen,Q2 2022,Milestone
M2C2-53,Investment 5.2 Hydrogen,Q2 2026,Target
M2C3-1,Investment 2.1 Strengthening of the Ecobonus and Sismabonus for energy efficiency and building safety,Q4 2021,Milestone
M2C3-2,Investment 2.1 Strengthening of the Ecobonus and Sismabonus for energy efficiency and building safety,Q2 2023,Target
M2C3-3,Investment 2.1 Strengthening of the Ecobonus and Sismabonus for energy efficiency and building safety,Q4 2025,Target
M2C3-4,Reform 1.1 Simplification and acceleration of procedures for energy efficiency interventions,Q2 2022,Milestone
M2C3-5,Investment 1.1 Construction of new schools through building replacement,Q3 2023,Milestone
M2C3-6,Investment 1.1 Construction of new schools through building replacement,Q1 2026,Target
M2C3-7,"Investment 1.2 Construction of buildings, requalification and strengthening of real estate assets of the administration of justice",Q4 2023,Milestone
M2C3-8,"Investment 1.2 Construction of buildings, requalification and strengthening of real estate assets of the administration of justice",Q1 2026,Target
M2C3-9,Investment 3.1 Promotion of efficient district heating,Q4 2022,Milestone
M2C3-10,Investment 3.1 Promotion of efficient district heating,Q1 2026,Target
M2C4-1,Reform 2.1 Simplification and acceleration of the procedures for implementing interventions against hydrogeological instability,Q2 2022,Milestone
M2C4-2,Reform 4.2 “Measures to ensure full managerial capacities for Integrated water services”,Q3 2022,Milestone
M2C4-3,Reform 4.2 “Measures to ensure full managerial capacities for Integrated water services”,Q4 2021,Milestone
M2C4-4,Reform 4.2 “Measures to ensure full managerial capacities for Integrated water services”,Q2 2022,Milestone
M2C4-5,Investment 3.2 Digitization of national parks,Q1 2022,Milestone
M2C4-6,Investment 3.2 Digitization of national parks,Q4 2023,Target
M2C4-7,Reform 3.1 Adoption of national programs on air pollution control,Q4 2021,Milestone
M2C4-8,Investment 1.1 Implementation of an advanced and integrated monitoring and forecasting sytem,Q3 2021,Milestone
M2C4-9,Investment 1.1 Implementation of an advanced and integrated monitoring and forecasting sytem,Q3 2024,Target
M2C4-10,Investment 2.1.a Measures for flood and hydrogeological risk reduction,Q4 2023,Milestone
M2C4-11,Investment 2.1.a Measures for flood and hydrogeological risk reduction,Q1 2026,Target
M2C4-12,Investment 2.1.b Measures for flood and hydrogeological risk reduction,Q4 2021,Milestone
M2C4-13,Investment 2.1.b Measures for flood and hydrogeological risk reduction,Q4 2025,Target
M2C4-14,"Investment 2.2 Intervention for the resilience, the enhancement of the territory and the energy efficiency of the Municipalities",Q4 2023,Target
M2C4-15,"Investment 2.2 Intervention for the resilience, the enhancement of the territory and the energy efficiency of the Municipalities",Q1 2026,Target
M2C4-16,"Investment 2.2 Intervention for the resilience, the enhancement of the territory and the energy efficiency of the Municipalities",Q4 2023,Target
M2C4-17,"Investment 2.2 Intervention for the resilience, the enhancement of the territory and the energy efficiency of the Municipalities",Q1 2026,Target
M2C4-18,Investment 3.1 Protection and enhancement of urban and peri-urban forests,Q4 2021,Milestone
M2C4-19,Investment 3.1 Protection and enhancement of urban and peri-urban forests,Q4 2022,Target
M2C4-20,Investment 3.1 Protection and enhancement of urban and peri-urban forests,Q4 2024,Target
M2C4-21,Investment 3.3 Re-naturification of Po area,Q2 2023,Milestone
M2C4-22,Investment 3.3 Re-naturification of Po area,Q2 2024,Target
M2C4-23,Investment 3.3 Re-naturification of Po area,Q1 2026,Target
M2C4-24,Investment 3.4 Remediation of “orphan-sites soil”,Q4 2022,Milestone
M2C4-25,Investment 3.4 Remediation of “orphan-sites soil”,Q1 2026,Target
M2C4-26,Investment 3.5 Restoration and protection of the seabed and maritime habitats,Q2 2025,Target
M2C4-27,Reform 4.1 Simplification of legislation and strengthening of governance for the implementation of investments in the water supply infrastructures,Q1 2021,Milestone
M2C4-28,Investment 4.1 Investments in primary water infrastructures for the security of water supply,Q3 2023,Milestone
M2C4-29,Investment 4.1 Investments in primary water infrastructures for the security of water supply,Q1 2026,Target
M2C4-30,"Investment 4.2 Reduction of losses in water distribution networks, including digitization and monitoring of networks",Q3 2023,Milestone
M2C4-31,"Investment 4.2 Reduction of losses in water distribution networks, including digitization and monitoring of networks",Q4 2024,Target
M2C4-32,"Investment 4.2 Reduction of losses in water distribution networks, including digitization and monitoring of networks",Q1 2026,Target
M2C4-33,Investment 4.3 Investments in the resilience of the irrigation agrosystem for better management of water resources,Q4 2023,Milestone
M2C4-34,Investment 4.3 Investments in the resilience of the irrigation agrosystem for better management of water resources,Q4 2024,Target
M2C4-34bis,Investment 4.3 Investments in the resilience of the irrigation agrosystem for better management of water resources,Q1 2026,Target
M2C4-35,Investment 4.3 Investments in the resilience of the irrigation agrosystem for better management of water resources,Q1 2024,Target
M2C4-35bis,Investment 4.3 Investments in the resilience of the irrigation agrosystem for better management of water resources,Q1 2026,Target
M2C4-36,Investment 4.4 Investments in sewerage and purification,Q4 2023,Target
M2C4-37,Investment 4.4 Investments in sewerage and purification,Q2 2024,Target
M2C4-38,Investment 4.4 Investments in sewerage and purification,Q1 2026,Target
M3C1-1,Reform 1.1 Acceleration of the approval process of the Contract between the MIT and RFI,Q4 2021,Milestone
M3C1-2,Reform 1.2 Acceleration of the authorization process of projects,Q4 2021,Milestone
M3C1-3,Investment 1.1 High-speed railway connections to the South for passengers and freight,Q4 2022,Milestone
M3C1-4,Investment 1.1 High-speed railway connections to the South for passengers and freight,Q1 2024,Milestone
M3C1-5,Investment 1.1 High-speed railway connections to the South for passengers and freight,Q2 2024,Target
M3C1-6,Investment 1.1 High-speed railway connections to the South for passengers and freight,Q2 2026,Target
M3C1-7,Investment 1.2 High-speed lines in the North connecting to the rest of Europe,Q1 2024,Milestone
M3C1-8,Investment 1.2 High-speed lines in the North connecting to the rest of Europe,Q1 2025,Target
M3C1-9,Investment 1.2 High-speed lines in the North connecting to the rest of Europe,Q2 2026,Target
M3C1-10,Investment 1.3 Diagonal connections,Q1 2024,Milestone
M3C1-11,Investment 1.3 Diagonal connections,Q2 2026,Target
M3C1-12,Investment 1.4 Introducing the European Rail Transport Management System (ERTMS),Q4 2022,Milestone
M3C1-13,Investment 1.4 Introducing the European Rail Transport Management System (ERTMS),Q4 2024,Target
M3C1-14,Investment 1.4 Introducing the European Rail Transport Management System (ERTMS),Q2 2026,Target
M3C1-15,Investment 1.5 Strengthening metropolitan nodes and key national links,Q4 2024,Target
M3C1-16,Investment 1.5 Strengthening metropolitan nodes and key national links,Q2 2026,Target
M3C1-17,"Investment 1.7 Upgrading, electrification and resilience of railways in the South",Q4 2023,Milestone
M3C1-18,Investment 1.6 Strengthening regional lines – Upgrading of regional railways (management RFI),Q2 2026,Target
M3C1-19,Investment 1.8 Upgrading railway stations (RFI management in South),Q4 2024,Target
M3C1-20,Investment 1.8 Upgrading railway stations (RFI management in South),Q2 2026,Target
M3C1-21,"Reform 2.1 Implementation of the recent “Decree Simplification” (converted into Law n. 120 dated 11 September 2020) by issuing a decree concerning the adopting of “Guidelines for the classification and management of risks, the evaluation of security and the monitoring of existing bridges”",Q4 2021,Milestone
M3C1-22,Reform 2.2 Transfer the property of the bridges and viaducts from the lower ranking roads to the higher ranking ones,Q4 2021,Milestone
M3C2-1,Reform 1.1 Simplification of procedures for the strategic planning process,Q4 2022,Milestone
M3C2-2,Reform 1.2 Competitive award of concessions in Italian ports,Q4 2022,Milestone
M3C2-3,Reform 2.1 Implementation of a Single Custom Windows (“Sportello Unico Doganale”),Q4 2021,Milestone
M3C2-4,Reform 1.3 Simplification of authorisation procedures for cold ironing plants,Q4 2022,Milestone
M3C2-5,Investment 2.1 Digitalisation of the logistic chain,Q2 2024,Target
M3C2-6,Investment 2.2 Digitalization of air traffic management,Q4 2023,Target
M3C2-7,Investment 2.2 Digitalization of air traffic management,Q1 2026,Milestone
M3C2-8,Investment 1.1 Green ports: renewable energy and energy efficiency interventions at ports,Q4 2022,Target
M3C2-9,Investment 1.1 Green ports: renewable energy and energy efficiency interventions at ports,Q4 2025,Milestone
M3C2-10,"Reform 2.2 Establishment of a National Strategic Platform for the network of ports and frerigth villages, in order to introduce the digtalization oof passenger and freight services",Q2 2024,Milestone
M4C1-1,Reform 1.5 University degrere groups reform; Reform 1.6 Enabling university degrees reform; Reform 4.1 PhD. Programmes Reform,Q4 2021,Milestone
M4C1-2,Investment 1.7 Scholarships for University access,Q4 2021,Milestone
M4C1-3,Reform 2.1 Teachers’ recruitment,Q2 2022,Milestone
M4C1-4,"Investment 3.2 School 4.0 innovative schools, writing, new classrooms and workshops",Q2 2022,Milestone
M4C1-5,Reform 1.3 Reorganisation of the school system; Reform 1.2 Reform of the tertiary vocational training system (ITS); Reform 1.1 Reform of Technical and Professional Institutes; Reform 1.4 Reform of the “Orientation” system,Q4 2022,Milestone
M4C1-6,"Reform 2.2 Tertiary advanced school and continuous training for school managers, teachers, administrative and technical staff",Q4 2022,Milestone
M4C1-7,Investment 1.4 Extraordinary intervention aimed at the reduction of territorial gaps in I and II cycles of secondary school and at tackling school drop-out,Q4 2024,Target
M4C1-8,Investment 1.3 School Sports Infrastructure Enhancement Plan,Q1 2024,Milestone
M4C1-9,Investment 1.1 Plan for nurseries and preschools and early childhood education and care services,Q2 2023,Milestone
M4C1-10,Reform 2.1 Teachers’ recruitment; Reform 1.3 Reorganisation of the school system; Reform 1.2 Reform of the tertiary vocational training system (ITS); Reform 1.1 Reform of Technical and Professional Institutes; Reform 1.4 Reform of the “Orientation” system; Reform 1.5 University degree groups reform; Reform 1.6 Enabling university degrees reform,Q4 2023,Milestone
M4C1-11,Investment 1.7 Scholarships for University access,Q4 2023,Target
M4C1-12,"Investment 4.1 Extension in number and career opportunities of PhDs (Research-oriented, Public Administration and Cultural Heritage)",Q4 2024,Target
M4C1-13,Investment 2.1 Integrated digital teaching and training on the digital transformation for school staff,Q4 2024,Target
M4C1-14,Reform 2.1 Teachers’ recruitment,Q4 2024,Target
M4C1-15,Investment 1.7 Scholarships for University access,Q4 2024,Target
M4C1-16,Investment 3.1 New skills and new languages,Q2 2025,Target
M4C1-17,Investment 3.1 New skills and new languages,Q2 2025,Target
M4C1-18,Investment 1.1 Plan for nurseries and preschools and early childhood education and care services,Q4 2025,Target
M4C1-19,"Investment 3.2 School 4.0 Innovative schools, wiring, new classrooms and workshops",Q4 2025,Target
M4C1-20,Investment 1.5 Development of the tertiary vocational training system (ITS),Q4 2025,Target
M4C1-21,Investment 1.2 Plan for the extension of full-time,Q2 2026,Target
M4C1-22,Investment 1.3 School Sports Infrastructure Enhancement Plan,Q2 2026,Target
M4C1-23,Investment 3.4 Teaching and advanced university skills,Q2 2026,Target
M4C1-24,Investment 1.6 Active orientation in school-university transition,Q2 2026,Target
M4C1-25,Investment 1.4 Extraordinary intervention aimed at the reduction of territorial gaps in I and II cycles of secondary school and at tackling school drop-out,Q2 2026,Target
M4C1-26,Investment 3.3 School building security and structural rehabilitation plan,Q2 2026,Target
M4C1-27,Reform 1.7 Reform of student housing regulation and investment in student housing,Q4 2021,Milestone
M4C1-28,Reform 1.7 Reform of student housing regulation and investment in student housing,Q4 2022,Target
M4C1-29,Reform 1.7 Reform of student housing regulation and investment in student housing,Q4 2022,Milestone
M4C1-30,Reform 1.7 Reform of student housing regulation and investment in student housing,Q2 2026,Target
M4C2-1,Investment 1.2 Funding projects presented by young researchers,Q4 2022,Target
M4C2-2,Investment 2.2 Partnership in research and innovation – Horizon Europe,Q4 2025,Target
M4C2-3,Investment 3.3 Introduction of innovative doctorates that respon to the needs of innovation by enterprises and promote the hiring of researchers by companies,Q4 2024,Target
M4C2-4,Reform 1.1 Implementation of R&D support measures to foster simplification and mobility,Q2 2022,Milestone
M4C2-5,Investment 1.1 Fund for the National Research Programme (PNR) and Research Projects of Significant National Interest (PRIN),Q4 2023,Target
M4C2-6,Investment 1.1 Fund for the National Research Programme (PNR) and Research Projects of Significant National Interest (PRIN),Q2 2025,Target
M4C2-7,Investment 1.1 Fund for the National Research Programme (PNR) and Research Projects of Significant National Interest (PRIN),Q2 2025,Target
M4C2-8,"Investment 1.3 Partnerships extended to universities, research centers, companies and funding of basic research projects",Q2 2025,Target
M4C2-9,Investment 1.4 Strengthening research structures and supporting the creation of “national R&D leaders” on some Key Enabling Technologies,Q4 2025,Milestone
M4C2-10,Investment 2.1 IPCEI,Q2 2021,Milestone
M4C2-11,Investment 2.1 IPCEI,Q2 2022,Milestone
M4C2-12,Investment 2.1 IPCEI,Q2 2023,Milestone
M4C2-13,Investment 2.3 Strengthening and sectoria/territorial extension of technology transfer centres by industry segments,Q4 2025,Target
M4C2-14,Investment 2.3 Strengthening and sectoria/territorial extension of technology transfer centres by industry segments,Q4 2025,Target
M4C2-15,Investment 2.3 Strengthening and sectoria/territorial extension of technology transfer centres by industry segments,Q4 2025,Target
M4C2-16,Investment 3.1 Fund for construction of an integrated system of research and innovation infrastructures,Q2 2023,Target
M4C2-17,Investment 3.1 Fund for construction of an integrated system of research and innovation infrastructures; Investment,Q2 2022,Milestone
M4C2-18,"Investment 5 Establishing and strengthening of “innovation ecosystems for sustainability”, building “territorial leaders of R&D”",Q2 2022,Milestone
M4C2-19,Investment 1.4 Strengthening research structures and supporting the creation of “national R&D leaders” on some Key Enabling Technologies,Q2 2022,Milestone
M4C2-20,Investment 3.2 Financing start-ups,Q2 2022,Milestone
M4C2-21,Investment 3.2 Financing start-ups,Q2 2025,Target
M4C2-21,Investment 2.1 IPCEI,Q2 2025,Target
M5C1-1,Reform 1 ALMPs and Vocational Training,Q4 2021,Milestone
M5C1-2,Reform 1 ALMPs and Vocational Training,Q4 2022,Milestone
M5C1-3,Reform 1 ALMPs and Vocational Training,Q4 2025,Target
M5C1-4,Reform 1 ALMPs and Vocational Training,Q4 2025,Target
M5C1-5,Reform 1 ALMPs and Vocational Training,Q4 2025,Target
M5C1-6,Investment 1 Strengthening Public Employment Services (PES),Q4 2022,Target
M5C1-7,Investment 1 Strengthening Public Employment Services (PES),Q4 2025,Target
M5C1-8,Reform 2 Undeclared Work,Q4 2022,Milestone
M5C1-9,Reform 2 Undeclared Work,Q1 2024,Milestone
M5C1-10,Reform 2 Undeclared Work,Q2 2025,Target
M5C1-11,Reform 2 Undeclared Work,Q1 2026,Target
M5C1-12,Investment 2 Gender equality certification system,Q4 2022,Milestone
M5C1-13,Investment 2 Gender equality certification system,Q2 2026,Target
M5C1-14,Investment 2 Gender equality certification system,Q2 2026,Target
M5C1-15,Investment 3 Strengthening the dual system,Q4 2025,Target
M5C1-16,Investment 4 Universal Civil Service,Q4 2023,Target
M5C1-17,Investment 5 Creation of women’s enterprises,Q3 2021,Milestone
M5C1-18,Investment 5 Creation of women’s enterprises,Q2 2023,Target
M5C1-19,Investment 5 Creation of women’s enterprises,Q2 2026,Target
M5C2-1,Reform 1 Framework law for disability,Q4 2021,Milestone
M5C2-2,Reform 1 Framework law for disability,Q2 2024,Milestone
M5C2-3,Reform 2 Reform for non-self sufficient elderly persons,Q1 2023,Milestone
M5C2-4,Reform 2 Reform for non-self sufficient elderly persons,Q1 2024,Milestone
M5C2-5,Investment 1 Supporting vulnerable people and preventing institutionalization,Q4 2021,Milestone
M5C2-6,Investment 1 Supporting vulnerable people and preventing institutionalization,Q1 2026,Target
M5C2-7,Investment 2 Autonomy patterns for people with disabilities,Q4 2022,Target
M5C2-8,Investment 2 Autonomy patterns for people with disabilities,Q1 2026,Target
M5C2-9,Investment 3 Housing First and Post Stations,Q1 2022,Milestone
M5C2-10,Investment 3 Housing First and Post Stations,Q1 2026,Target
M5C2-11,"Investment 4 Investments in projects of urban regeneration, aimed at reducing situations of marginalization and social degradation",Q1 2022,Milestone
M5C2-12,"Investment 4 Investments in projects of urban regeneration, aimed at reducing situations of marginalization and social degradation",Q2 2026,Target
M5C2-13,Investment 5 Urban Integrated Plans – general projects,Q4 2022,Milestone
M5C2-14,Investment 5 Urban Integrated Plans – general projects,Q2 2026,Target
M5C2-15,Investment 5 Urban Integrated Plans – Overcoming illegal settlements to fight labour expoitation in agriculture,Q1 2022,Milestone
M5C2-16,Investment 5 Urban Integrated Plans – Overcoming illegal settlements to fight labour expoitation in agriculture,Q1 2025,Target
M5C2-17,Investment 5 Urban Integrated Plans – EIB Fund-Of-Fund,Q3 2022,Milestone
M5C2-18,Investment 5 Urban Integrated Plans – EIB Fund-Of-Fund,Q2 2026,Target
M5C2-19,Investment 6 Innovation Programme for Housing Quality,Q1 2022,Milestone
M5C2-20,Investment 6 Innovation Programme for Housing Quality,Q1 2026,Target
M5C2-21,Investment 7 The Sport and Social inclusion project,Q1 2023,Milestone
M5C2-22,Investment 7 The Sport and Social inclusion project,Q2 2026,Target
M5C3-1,Investment 1.1.1 Inner Areas – Enhancement of community social services and infrastructures,Q4 2022,Milestone
M5C3-2,Investment 1.1.1 Inner Areas – Enhancement of community social services and infrastructures,Q4 2025,Target
M5C3-3,Investment 1.1.2 Inner Areas – Territorial proximity health facilities,Q4 2023,Target
M5C3-4,Investment 1.1.2 Inner Areas – Territorial proximity health facilities,Q2 2026,Target
M5C3-5,Investment 1.2 Enhancement of assets confiscated from organised crime,Q2 2024,Milestone
M5C3-6,Investment 1.2 Enhancement of assets confiscated from organised crime,Q2 2025,Target
M5C3-7,Investment 1.2 Enhancement of assets confiscated from organised crime,Q2 2026,Target
M5C3-8,Investment 1.3 Structured socio-educational interventions to combat educational poverty in the South supporting the Third Sector,Q2 2023,Target
M5C3-9,Investment 1.3 Structured socio-educational interventions to combat educational poverty in the South supporting the Third Sector,Q2 2026,Target
M5C3-10,Reform 1 Simplification of the procedures and strengthening of the Commissioner in the Special Economic Zones,Q4 2021,Milestone
M5C3-11,Investment 1.4 Infrastructural investments for the Special Economic Zone,Q4 2021,Milestone
M5C3-12,Investment 1.4 Infrastructural investments for the Special Economic Zone,Q4 2023,Target
M5C3-13,Investment 1.4 Infrastructural investments for the Special Economic Zone,Q2 2026,Target
M6C1-1,Reform 1 Definition of a new organisational model for Territorial healthcare assistance network,Q2 2022,Milestone
M6C1-2,Investment 1.1 Community Health Houses to improve territorial health assistance,Q2 2022,Milestone
M6C1-3,Investment 1.1 Community Health Houses to improve territorial health assistance,Q2 2026,Target
M6C1-4,Investment 1.2 Home as the first place of care and telemedicine,Q2 2022,Milestone
M6C1-5,Investment 1.2 Home as the first place of care and telemedicine,Q2 2022,Milestone
M6C1-6,Investment 1.2 Home as the first place of care and telemedicine,Q2 2026,Target
M6C1-7,Investment 1.2 Home as the first place of care and telemedicine,Q2 2024,Target
M6C1-8,Investment 1.2 Home as the first place of care and telemedicine,Q4 2023,Target
M6C1-9,Investment 1.2 Home as the first place of care and telemedicine,Q4 2025,Target
M6C1-10,Investment 1.3 Strengthening Intermediate Healthcare and its facilities (Community Hospitals),Q2 2022,Milestone
M6C1-11,Investment 1.3 Strengthening Intermediate Healthcare and its facilities (Community Hospitals),Q2 2026,Target
M6C2-1,"Reform 1 Revise nd update the current legal framework of the Scientific Institutes for Hospitalisation and Care (IRCCS) and research policies of the Ministry of Health to strengthen the link between research, innovation and healthcare",Q4 2022,Milestone
M6C2-2,Investment 2.1 Strengthening and enhancement of the NHS biomedical research,Q4 2025,Target
M6C2-3,Investment 2.1 Strengthening and enhancement of the NHS biomedical research,Q4 2025,Target
M6C2-4,Investment 1.1 Digital update of hospitals’ technological equipment,Q4 2021,Milestone
M6C2-5,Investment 1.1 Digital update of hospitals’ technological equipment,Q2 2022,Milestone
M6C2-6,Investment 1.1 Digital update of hospitals’ technological equipment,Q4 2024,Target
M6C2-7,Investment 1.1 Digital update of hospitals’ technological equipment,Q4 2022,Milestone
M6C2-8,Investment 1.1 Digital update of hospitals’ technological equipment,Q4 2025,Target
M6C2-9,Investment 1.1 Digital update of hospitals’ technological equipment,Q2 2026,Target
M6C2-10,Investment 1.2 Toward a safe and sustainable hospital,Q2 2026,Target
M6C2-11,"Investment 1.3 Strengthening of the technological infrrastructure and of the tools for data collection, data processing, data analysis and simulation",Q4 2025,Target
M6C2-12,"Investment 1.3 Strengthening of the technological infrrastructure and of the tools for data collection, data processing, data analysis and simulation",Q2 2026,Milestone
M6C2-13,"Investment 1.3 Strengthening of the technological infrrastructure and of the tools for data collection, data processing, data analysis and simulation",Q2 2026,Target
M6C2-14,"Investment 2.2 Development of technical-professional, digital and managerial skills of professionals in the healthcare system",Q2 2023,Target
M6C2-15,"Investment 2.2 Development of technical-professional, digital and managerial skills of professionals in the healthcare system",Q2 2024,Target
M6C2-16,"Investment 2.2 Development of technical-professional, digital and managerial skills of professionals in the healthcare system",Q2 2026,Target
M6C2-17,"Investment 2.2 Development of technical-professional, digital and managerial skills of professionals in the healthcare system",Q2 2026,Target
